name,description,url,pokemons
Blaze ,Blaze increases the power of Fire-type moves by 50% (1.5×) when the ability-bearer's HP falls below a third of its maximum (known in-game as in a pinch).,https://pokemondb.net/ability/blaze,"[4,5,6,155,156,157,157,255,256,257,390,391,392,498,499,500,653,654,655,725,726,727,813,814,815,909,910,911,513,514]"
Berserk ,Berserk raises the Pokémon's Special Attack by one stage when its HP falls below 50%.,https://pokemondb.net/ability/berserk,"[146,780]"
Beast Boost ,The Pokémon boosts its most proficient stat each time it knocks out a Pokémon.,https://pokemondb.net/ability/beast-boost,"[793,794,795,796,797,798,799,803,804,805,806]"
Battle Armor ,Battle Armor prevents the Pokémon from receiving a critical hit.,https://pokemondb.net/ability/battle-armor,"[140,141,347,348,451,452,772,863,870,104,105]"
Battle Bond ,Battle Bond causes Greninja to transform into Ash-Greninja when it KOs an opponent.Battle Bond also increases the power of Greninja's signature move Water Shuriken.,https://pokemondb.net/ability/battle-bond,[658]
Big Pecks ,"Big Pecks prevents the ability-bearer's Defense stat from being lowered, for example via Tail Whip.",https://pokemondb.net/ability/big-pecks,"[519,520,521,580,581,629,630,661,962,16,17,18,441,821,822]"
Beads of Ruin ,Lowers Special Defense of all Pokémon except itself.,https://pokemondb.net/ability/beads-of-ruin,[1004]
Bad Dreams ,Bad Dreams causes all sleeping opponents to lose 1⁄8 of their maximum HP at the end of each turn.,https://pokemondb.net/ability/bad-dreams,[491]
Armor Tail ,"Armor Tail prevents the opponent from using any moves that have priority, such as Quick Attack.",https://pokemondb.net/ability/armor-tail,[981]
As One ,Combines Unnerve and Chilling Neigh/Grim Neigh,https://pokemondb.net/ability/as-one,"[898,898]"
Aura Break ,"Aura Break cancels the effects of the abilities Fairy Aura and Dark Aura and instead reduces the power of Dark-type and Fairy-type moves by 25%, for all Pokémon on the field.Aura Break is not affected by the abilities Mold Breaker, Teravolt, or Turboblaze.Aura Break is the signature ability of Zygarde. Similarly, the abilities it reverses are also signature abilities of legendary Pokémon from Pokémon X&Y: Xerneas and Yveltal.",https://pokemondb.net/ability/aura-break,"[718,718]"
Arena Trap ,"Arena Trap prevents opponents from fleeing or switching out. Raised Pokémon are not affected.Raised Pokémon are any Flying types or those under the effects of Levitate, Magnet Rise or Telekinesis. Full details in glossary.If a Pokémon with Arena Trap is the leading party Pokémon, wild Pokémon are twice as likely to appear.",https://pokemondb.net/ability/arena-trap,"[50,51,328]"
Zero to Hero ,Transforms into its Hero Form when switching out.,https://pokemondb.net/ability/zero-to-hero,"[964,964]"
Steadfast ,Raises Speed each time the Pokémon flinches.,https://pokemondb.net/ability/steadfast,"[83,150,236,447,448,475,832,865,66,67,68,123,237,744,745]"
Zen Mode ,"Zen Mode changes the ability-bearer's form to Zen Mode when their health falls below 50%.Currently it only applies to Darmanitan, whose form change makes it Fire/Psychic type and changes its stats around.",https://pokemondb.net/ability/zen-mode,"[555,555,555,555]"
Wonder Skin ,"Wonder Skin halves the accuracy of all status moves targeted at the ability-bearer.It does not affect self-inflicted status moves like Reflect or Swords Dance, nor does it affect the secondary conditions of attacking moves like Flamethrower.",https://pokemondb.net/ability/wonder-skin,"[561,49,300,301,779]"
Wind Rider ,"Wind Rider gives immunity to wind moves, and causes the Pokémon's Attack to increase by one stage when hit by one.",https://pokemondb.net/ability/wind-rider,"[275,946,947]"
White Smoke ,"Prevents other Pokémon from lowering its stats.		
					If a Pokémon with White Smoke is the leading party Pokémon, wild Pokémon are only half as likely to appear.",https://pokemondb.net/ability/white-smoke,"[324,850,851,631]"
Ball Fetch ,"If the Pokémon is not holding an item, it will fetch the Poké Ball from the first failed throw of the battle.",https://pokemondb.net/ability/ball-fetch,[835]
Battery ,Battery allows the Pokémon to raise the power of teammates' special moves.,https://pokemondb.net/ability/battery,[737]
Water Veil ,Prevents the Pokémon from getting a burn.,https://pokemondb.net/ability/water-veil,"[118,119,320,321,963,226,367,418,419,456,457,458,977]"
Anticipation ,"A Pokémon with Anticipation will shudder upon entering battle, if an opponent has a move that is super-effective against it, or a One-Hit-KO move (Fissure, Horn Drill, Guillotine or Sheer Cold). It only activates when the ability-bearer switches in, not when an opponent switches in.Anticipation does not activate if the opponent has a move that varies in type, such as Hidden Power, Judgment or Weather Ball, even if those moves would be super-effective.",https://pokemondb.net/ability/anticipation,"[339,340,413,413,413,453,454,856,857,858,955,77,78,133,598]"
Aroma Veil ,Protects allies from attacks that limit their move choices.,https://pokemondb.net/ability/aroma-veil,"[915,916,682,683,868,869,927]"
Water Absorb ,A Pokémon with Water Absorb heals 1⁄4 of its maximum HP when hit by a Water-type attack.,https://pokemondb.net/ability/water-absorb,"[60,61,62,131,134,186,194,194,195,226,458,556,592,593,721,882,883,980,1017,170,171,331,332,535,536,537,751,752]"
Wimp Out ,Wimp Out causes the bearer to switch out (or flee in a wild battle) when its HP falls below 50%.,https://pokemondb.net/ability/wimp-out,[767]
Wind Power ,"If a Pokémon with Wind Power is hit by a wind move, the power of the next Electric-type move it uses is doubled.",https://pokemondb.net/ability/wind-power,"[940,941]"
Wandering Spirit ,Swaps abilities with opponents on contact.,https://pokemondb.net/ability/wandering-spirit,"[562,867]"
Wonder Guard ,"Wonder Guard prevents damage from direct attacks unless they are super-effective. Shedinja is the only Pokémon to have this ability so this means that only Fire, Flying, Rock, Ghost and Dark moves will have an effect.However, Pokémon protected by Wonder Guard are not immune to indirect attacks. Status-category moves still work and all end-of-turn damage will still incur, for example from poisoning, burns, sandstorms or hail. Entry hazards such as Spikes or Stealth Rock will also damage Pokémon with Wonder Guard switching in. Attacks that do not take their type in account will also hit, such as Struggle, Beat Up or Future Sight. Since Shedinja only has 1 HP, any of the above damage will result in an instant knockout.",https://pokemondb.net/ability/wonder-guard,[292]
Well-Baked Body ,"Immune to Fire-type moves, and Defense is sharply boosted.",https://pokemondb.net/ability/well-baked-body,[927]
Vital Spirit ,"Vital Spirit prevents the ability-bearer from falling asleep. This means that it also prevents the use of the move Rest.If a Pokémon with Vital Spirit is the leading party Pokémon, wild Pokémon are 50% more likely to be higher level.",https://pokemondb.net/ability/vital-spirit,"[56,57,122,225,288,506,744,745,979,125,126,236,239,240,466,467]"
Victory Star ,Boosts the accuracy of its allies and itself.,https://pokemondb.net/ability/victory-star,[494]
Vessel of Ruin ,Lowers Special Attack of all Pokémon except itself.,https://pokemondb.net/ability/vessel-of-ruin,[1003]
Unseen Fist ,Contact moves can strike through Protect/Detect.,https://pokemondb.net/ability/unseen-fist,"[892,892]"
Weak Armor ,"When a Pokémon with Weak Armor is hit by a physical move, its Defense drops one stage, but its Speed increases by one stage.Stats can be raised to a maximum of +6 stages each, or lowered to a minimum of -6 stages each.",https://pokemondb.net/ability/weak-armor,"[222,524,525,569,854,855,864,95,138,139,140,141,218,219,227,557,558,582,583,584,629,630,936,937]"
Unburden ,Raises Speed if a held item is used.,https://pokemondb.net/ability/unburden,"[425,426,509,510,701,827,828,903,944,945,106,252,253,254,617,684,685]"
Unaware ,Ignores any stat changes in the Pokémon.,https://pokemondb.net/ability/unaware,"[399,400,527,528,789,977,36,194,194,195,771,909,910,911,980]"
Unnerve ,Makes the foe nervous and unable to eat Berries.,https://pokemondb.net/ability/unnerve,"[595,596,667,668,821,822,823,898,23,24,52,52,53,142,150,217,228,229,248,284,416,610,611,612,760,901]"
Turboblaze ,"Turboblaze prevents a target's ability from affecting moves that the Turboblaze Pokémon uses. It only affects abilities that change the power, accuracy or other effects of moves.For example, Reshiram would be able to hit Bronzong (having Levitate) using a Ground-type move like Earth Power. Ground type moves would still not affect Flying types.However, using Dragon Claw against a Pokémon with Aftermath would still receive HP loss as Aftermath did not affect the Dragon Claw attack itself.",https://pokemondb.net/ability/turboblaze,"[643,646]"
Water Compaction ,Water Compaction raises the bearer's Defense by 2 stages when it is hit by a Water-type move.Stats can be raised to a maximum of +6 stages each.,https://pokemondb.net/ability/water-compaction,"[769,770]"
Trace ,The Pokémon copies a foe's Ability.,https://pokemondb.net/ability/trace,"[65,137,233,280,281,282]"
Water Bubble ,"Water Bubble reduces damage taken from Fire-type moves by 50%, and doubles the power of Water-type moves used by the ability-bearer. It also prevents the Pokémon from being burned.",https://pokemondb.net/ability/water-bubble,"[751,752]"
Toxic Boost ,Powers up physical attacks when poisoned.,https://pokemondb.net/ability/toxic-boost,[335]
Torrent ,Torrent increases the power of Water-type moves by 50% (1.5×) when the ability-bearer's HP falls below a third of its maximum (known in-game as in a pinch).,https://pokemondb.net/ability/torrent,"[7,8,9,158,159,160,258,259,260,393,394,395,501,502,503,503,656,657,658,728,729,730,816,817,818,912,913,914,515,516]"
Volt Absorb ,"A Pokémon with Volt Absorb heals 1⁄4 of its maximum HP when hit by an Electric-type attack, including Thunder Wave.In Generation 3, Volt Absorb does not activate for Thunder Wave.",https://pokemondb.net/ability/volt-absorb,"[135,170,171,642,807,880,881,922,923,940,941,312,417]"
Thick Fat ,"Thick Fat reduces the damage taken from Fire-type and Ice-type moves by 50%.Interestingly, many Pokémon possessing this ability already take reduced damage from those types. A Dewgong or Walrein with Thick Fat would take 1⁄8 normal damage when hit by an Ice-type move.",https://pokemondb.net/ability/thick-fat,"[3,86,87,143,183,184,241,296,297,298,325,326,363,364,365,432,446,974,975,19,20,220,221,473,498,499,842,915,916,916]"
Triage ,"Triage increases the priority of HP-restoring moves to +3, when used by the ability-bearer.Note: as Comfey is currently the only Pokémon with this ability, the only moves affected in practice are Draining Kiss, Floral Healing, Rest, and Synthesis.",https://pokemondb.net/ability/triage,[764]
Truant ,"Truant causes the ability-bearer to only attack every alternate turn. On the even turns, it will say the Pokémon is loafing around.If a Pokémon with Truant uses a move that requires recharging on the second turn (such as Hyper Beam), it will recharge on the same turn the Pokémon loafs around. Moves where the user prepares on the first turn and attacks on the second (such as Solarbeam or Fly) cannot be used.The moves Worry Seed, Entrainment and Simple Beam do not work on Pokémon with Truant.Truant can technically be Skill Swapped away, however neither Slakoth, Slaking or Durant learn it.",https://pokemondb.net/ability/truant,"[287,289,632]"
Toxic Debris ,Scatters poison spikes at the feet of the opposing team when the Pokémon takes damage from physical moves.,https://pokemondb.net/ability/toxic-debris,"[969,970]"
Transistor ,Transistor increases the power of Electric-type moves used by this Pokémon by 50%.It is the signature ability of Regieleki.,https://pokemondb.net/ability/transistor,[894]
Teravolt ,"Teravolt prevents a target's ability from affecting moves that the Teravolt Pokémon uses. It only affects abilities that change the power, accuracy or other effects of moves.For example, Zekrom would be able to hit Bronzong (having Levitate) using a Ground-type move like Earth Power. Ground type moves would still not affect Flying types.However, using Dragon Claw against a Pokémon with Aftermath would still receive HP loss as Aftermath did not affect the Dragon Claw attack itself.",https://pokemondb.net/ability/teravolt,"[644,646]"
Toxic Chain ,Toxic Chain may cause bad poisoning when the Pokémon hits an opponent with a move.Toxic Chain is a new ability available in the Scarlet/Violet DLC.,https://pokemondb.net/ability/toxic-chain,"[1014,1015,1016]"
Teraform Zero ,"When Terapagos changes into its Stellar Form, it uses its hidden powers to eliminate all effects of weather and terrain, reducing them to zero.",https://pokemondb.net/ability/teraform-zero,[1024]
Tera Shift ,"When the Pokémon enters a battle, it absorbs the energy around itself and transforms into its Terastal Form.",https://pokemondb.net/ability/tera-shift,[1024]
Telepathy ,"Pokémon with the Telepathy ability will not take damage from teammates in double and triple battles.This affects moves such as Surf and Earthquake, which normally hit all Pokémon on the field apart from the user.",https://pokemondb.net/ability/telepathy,"[605,606,765,202,280,281,282,307,308,360,483,483,484,484,487,517,518,714,715,785,786,787,788,824,825,826,954]"
Technician ,"Technician increases the power of moves - that are usually base power 60 or below - by 50%.Moves with variable base power are boosted only when it is 60 or below. For example, if Magnitude hits at level 6 it will be boosted from 50 to 75, but level 7 will stay at 70 base power.Moves like Sonic Boom that deal fixed HP damage are not affected by Technician.",https://pokemondb.net/ability/technician,"[52,52,53,53,123,212,212,235,237,424,572,573,802,122,286,402,407,439,849,849,852,853,925,925,1016]"
Tangling Hair ,Contact with the Pokémon lowers the attacker's Speed stat.,https://pokemondb.net/ability/tangling-hair,"[50,51]"
Tough Claws ,Tough Claws increases the power of moves that make contact.Most Physical-category moves are contact moves.,https://pokemondb.net/ability/tough-claws,"[6,52,142,376,688,689,745,863]"
Tangled Feet ,Raises evasion if the Pokémon is confused.,https://pokemondb.net/ability/tangled-feet,"[16,17,18,327,441,866,973,84,85]"
Tera Shell ,The Pokémon’s shell contains the powers of each type. All damage-dealing moves that hit the Pokémon when its HP is full will not be very effective.,https://pokemondb.net/ability/tera-shell,[1024]
Tinted Lens ,Powers up “not very effective” moves.,https://pokemondb.net/ability/tinted-lens,"[48,49,314,469,12,163,164,414,561,628,919,920]"
Swift Swim ,Swift Swim doubles the ability-bearer's Speed during rain.,https://pokemondb.net/ability/swift-swim,"[116,118,119,129,138,139,140,141,211,211,226,230,260,270,271,272,283,349,367,368,369,370,418,419,456,457,458,535,536,537,846,847,902,902,904,54,55,60,61,62,347,348,564,565,614,833,834]"
Tablets of Ruin ,Lowers Attack of all Pokémon except itself.,https://pokemondb.net/ability/tablets-of-ruin,[1001]
Synchronize ,"If the opponent causes a burn, paralysis, or poisoning of a Pokémon with Synchronize, the opponent receives the status condition too. Self-inflicted status conditions (for example through the use of an item) are not passed on.In Generations 3-4, bad poison is only passed on as regular poison.If a Pokémon with Synchronize is the leading party Pokémon, there is a 50% chance of each wild Pokémon encountered having the same nature.",https://pokemondb.net/ability/synchronize,"[63,64,65,151,177,178,196,197,280,281,282,517,518,605,606,876,876,954]"
Swarm ,"Swarm increases the power of Bug-type moves by 50% (1.5×) when the ability-bearer's HP falls below a third of its maximum (known in-game as in a pinch).If a Pokémon with Swarm is the leading party Pokémon, wild Pokémon are twice as likely to appear.",https://pokemondb.net/ability/swarm,"[15,123,165,166,167,168,212,214,267,313,402,414,540,542,543,544,545,588,589,632,736,824,825,826,900,919,920,595,596,636,637]"
Surge Surfer ,Surge Surfer doubles the bearer's Speed when Electric Terrain is active.,https://pokemondb.net/ability/surge-surfer,[26]
Supreme Overlord ,Attack and Special Attack are boosted for each party Pokémon that has been defeated.,https://pokemondb.net/ability/supreme-overlord,[983]
Thermal Exchange ,Raises Attack when hit by a Fire-type move. Cannot be burned.,https://pokemondb.net/ability/thermal-exchange,"[996,997,998]"
Super Luck ,Super Luck raises the ability-bearer's critical-hit ratio by one stage (for most moves this increases from a 1⁄16 chance to 1⁄8).,https://pokemondb.net/ability/super-luck,"[198,359,430,519,520,521,175,176,468]"
Suction Cups ,"Suction Cups prevents opponents forcing the ability-bearer to switch out or flee via the moves Roar, Whirlwind, Circle Throw, or Dragon Tail, or the item Red Card.If a Pokémon with Suction Cups is the leading party Pokémon, the chance of hooking a Pokémon during fishing increases.",https://pokemondb.net/ability/suction-cups,"[224,345,346,686,687]"
Sturdy ,"Sturdy allows the Pokémon to survive with 1 HP if attacked at full HP with an attack that would otherwise knock it out. It also prevents One-Hit-KO moves (Fissure, Horn Drill, Guillotine or Sheer Cold).If Sturdy activates before the final hit of a multi-hit move (such as Fury Swipes), the subsequent hit will still deal damage and therefore cause the Pokémon to faint.Sturdy does not prevent self-inflicted KO moves such as Selfdestruct, Explosion and Final Gambit.",https://pokemondb.net/ability/sturdy,"[74,74,75,75,76,76,81,82,95,185,204,205,208,213,227,232,299,304,305,306,410,411,438,462,476,524,525,526,539,557,558,564,565,790,932,933,934,1017,1018,369,377,696,703,712,713,713,777]"
Storm Drain ,"Storm Drain forces all single-target Water-type moves - used by any other Pokémon on the field - to target this Pokémon, and with 100% accuracy. The ability is most useful in double/triple battles.When hit by the move, it deals no damage to the ability-bearer but raises its Special Attack by one stage. Stats can be raised to a maximum of +6 stages each.Storm Drain will activate for an Water-type Hidden Power, but not Water-type Judgment.The ability is overridden by other Pokémon becoming the center of attention from the moves Follow Me or Rage Powder.In Generation 4, Storm Drain did not increase Special Attack nor give immunity to Water-type attacks. It also did not activate for Hidden Power.",https://pokemondb.net/ability/storm-drain,"[422,423,456,457,345,346,556,978]"
Sticky Hold ,"Sticky Hold prevents held items from being taken or switched.If a Pokémon with Sticky Hold is the leading party Pokémon, the chance of hooking a Pokémon during fishing increases.",https://pokemondb.net/ability/sticky-hold,"[88,89,316,317,422,423,568,617,1011,1019]"
Sword of Ruin ,Lowers Defense of all Pokémon except itself.,https://pokemondb.net/ability/sword-of-ruin,[1002]
Symbiosis ,The Pokémon can pass an item to an ally.,https://pokemondb.net/ability/symbiosis,"[669,670,671,765]"
Sweet Veil ,"Sweet Veil prevents this Pokémon and its allies from falling asleep, for example from moves like Hypnosis.",https://pokemondb.net/ability/sweet-veil,"[684,685,868,869,742,743,761,762,763]"
Steam Engine ,"Steam Engine raises the user's Speed by three stages when it is hit by a Fire- or Water-type attack. The attack still deals damage.Stats can be raised to a maximum of +6 stages each.If a Pokémon with Steam Engine (or Flame Body or Magma Armor) and a Pokémon Egg are both in the party Pokémon, the number of steps required to hatch the egg are halved.",https://pokemondb.net/ability/steam-engine,"[837,838,839]"
Static ,"If a Pokémon with Static is hit by a move making contact, there is a 30% chance the foe will become paralyzed.If a Pokémon with Static is the leading party Pokémon, it is 50% more likely that a wild Pokémon encountered will be Electric type.",https://pokemondb.net/ability/static,"[25,26,100,100,101,101,125,172,179,180,181,239,309,310,587,618,848,881,921,938,939,145]"
Stance Change ,"Stance Change is exclusive to Aegislash. When using a damage-dealing move, Aegislash switches to its Blade Forme. When using the move King's Shield, Aegislash switches to its Shield Forme.The form change occurs when the appropriate move is selected, regardless of whether the attack goes ahead (e.g. prevented by paralysis).",https://pokemondb.net/ability/stance-change,"[681,681]"
Stamina ,Stamina raises the bearer's Defense by one stage when it is attacked by any move.Stats can be raised to a maximum of +6 stages each.,https://pokemondb.net/ability/stamina,"[749,750,1018]"
Stall ,The Pokémon moves after all other Pokémon do.,https://pokemondb.net/ability/stall,[302]
Stalwart ,Ignores moves and abilities that draw in moves.,https://pokemondb.net/ability/stalwart,"[884,1018]"
Supersweet Syrup ,"A sickly sweet scent spreads across the field the first time the Pokémon enters a battle, lowering the evasiveness of opposing Pokémon.",https://pokemondb.net/ability/supersweet-syrup,"[1011,1019]"
Stakeout ,Stakeout enables the Pokémon to deal twice the normal damage to any Pokémon that switches in or enters the field mid-battle.,https://pokemondb.net/ability/stakeout,"[734,735,827,828,917,918,942,943]"
Speed Boost ,Its Speed stat is gradually boosted.,https://pokemondb.net/ability/speed-boost,"[193,257,291,469,255,256,257,318,319,543,544,545,955,956]"
Soul-Heart ,Soul-Heart raises the bearer's Special Attack one stage when any Pokémon on the field faints.Stats can be raised to a maximum of +6 stages each.,https://pokemondb.net/ability/soul-heart,[801]
Stench ,"A Pokémon with Stench has a 10% chance of causing the opponent to flinch when hit by a damaging move (provided the ability-bearer strikes first as usual).Stench does not stack with the items King's Rock or Razor Fang, so an ability-bearer holding either item will keep the flinch chance at 10%.In Generations 3-4, Stench has no effect in battle.If a Pokémon with Stench is the leading party Pokémon, wild Pokémon are only half as likely to appear.",https://pokemondb.net/ability/stench,"[88,89,434,435,568,569,44,109,110]"
Solid Rock ,"Solid Rock reduces the damage taken from super-effective attacks by 25%.For example, a Water-type move used against a Rock-type Pokémon with Solid Rock would deal 1.5× the usual damage instead of 2×. A double weakness would be reduced from 4× to 3×.",https://pokemondb.net/ability/solid-rock,"[323,464,564,565]"
Solar Power ,"During harsh sunlight, Solar Power raises the ability-bearer's Special Attack by 50%, but it also loses 1⁄8 of its maximum HP after each turn.",https://pokemondb.net/ability/solar-power,"[191,192,229,357,4,5,6,694,695]"
Sniper ,"Sniper increases the power of critical hits by 1.5×. This means a critical hit will deal 2.25× normal damage instead of 1.5×.In Generations 1-5 critical hits deal 2× normal damage, so Sniper inflicts 3× normal damage.",https://pokemondb.net/ability/sniper,"[116,117,223,224,230,451,452,688,689,15,21,22,167,168,816,817,818]"
Slush Rush ,Boosts the Pokémon's Speed stat in a hailstorm.,https://pokemondb.net/ability/slush-rush,"[613,614,975,27,28,881,883]"
Snow Cloak ,"Snow Cloak raises ability-bearer's evasion by 20% in a hail storm. It also gives immunity to damage by hail (if they are not already protected by being Ice type).If a Pokémon with Snow Cloak is the leading party Pokémon while travelling in a hail storm/blizzard, wild Pokémon are only half as likely to appear.",https://pokemondb.net/ability/snow-cloak,"[27,28,37,38,220,221,471,473,478,582,583,613,614,974,144]"
Steely Spirit ,Powers up ally Pokémon's Steel-type moves.,https://pokemondb.net/ability/steely-spirit,[863]
Steelworker ,Steelworker increases the power of Steel-type moves used by this Pokémon by 50%.,https://pokemondb.net/ability/steelworker,[781]
Skill Link ,"Skill Link causes multi-strike moves to always hit their maximum number of times. The moves affected are listed below; note that moves such as Double Kick that always strike the same number of times are not affected.In Generation 4, Triple Kick is not affected by Skill Link.",https://pokemondb.net/ability/skill-link,"[90,91,214,731,732,733,190,424,572,573]"
Shell Armor ,Shell Armor prevents the Pokémon from receiving a critical hit.,https://pokemondb.net/ability/shell-armor,"[80,90,91,98,99,131,138,139,341,342,366,557,558,589,616,705,706,776,833,834,950,324,387,388,389,501,502,503]"
Slow Start ,Temporarily halves Attack and Speed.,https://pokemondb.net/ability/slow-start,"[486,965]"
Shield Dust ,Blocks the added effects of attacks taken.,https://pokemondb.net/ability/shield-dust,"[10,13,49,265,269,664,666,742,743,872,873]"
Sheer Force ,"Sheer Force increases the power of moves that have beneficial secondary effects by 30%, but removes those additional effects.Beneficial effects are defined as those that are positive for the user, such as:Non-beneficial effects, that Sheer Force will not activate for, include:If the user is holding a Life Orb and uses an attack that activates Sheer Force, it will not receive the 10% damage from Life Orb, but it gets boosts from both Life Orb and Sheer Force (total of 69% base power increase).Flamethrower normally has a 10% chance to burn the opponent. With Sheer Force, Flamethrower's base power is boosted from 95 to 124, but it will never cause a burn.Note that if a move has an advantageous and disadvantageous side-effect, Sheer Force still boosts the move but only the advantageous effect is removed. For example, Flare Blitz may cause a burn but also has recoil damage. A Pokémon with Sheer Force using the move would gain the power increase and still receive recoil damage, but it would never cause a burn.Here are the moves that increase in power under Sheer Force, listed alphabetically:",https://pokemondb.net/ability/sheer-force,"[323,532,533,534,555,555,621,627,628,628,878,879,900,31,34,98,99,128,158,159,160,208,296,297,303,328,371,408,409,645,733,931,931,974,975]"
Shed Skin ,The Pokémon may heal its own status problems.,https://pokemondb.net/ability/shed-skin,"[11,14,23,24,147,148,247,266,268,336,401,412,412,412,559,560,588,665,843,844,967,953]"
Shadow Tag ,Prevents the foe from escaping.,https://pokemondb.net/ability/shadow-tag,"[94,202,360,574,575,576]"
Soundproof ,"Soundproof grants the Pokémon immunity to all sound-based moves, preventing all damage and effects.In Generation 5 only, Pokémon with Soundproof could be cured of status conditions by Heal Bell.",https://pokemondb.net/ability/soundproof,"[100,100,101,101,122,293,294,295,439,782,783,784,410,411,459,460,626]"
Snow Warning ,"Snow Warning creates a hailstorm when the ability-bearer enters battle. The effect lasts 5 turns, unless it is cleared via Air Lock or Cloud Nine or replaced by another weather condition.If multiple Pokémon with weather-generating abilities (Snow Warning, Drizzle, Drought or Sand Stream) enter the field on the same turn, each weather condition will activate consecutively, fastest Pokémon first. In other words, the resultant weather condition will be that of the slowest Pokémon.Prior to Generation 6, Snow Warning lasts indefinitely upon activation.",https://pokemondb.net/ability/snow-warning,"[459,460,460,584,37,38,698,699]"
Shadow Shield ,Reduces damage when HP is full.,https://pokemondb.net/ability/shadow-shield,[792]
Serene Grace ,"Serene Grace doubles the chance of moves' secondary effects occurring - specifically stat changes, status ailments, or flinching. It also increases the chance of flinching due to the held items King's Rock and Razor Fang from 10% to 20% (however, note that those items do not affect moves that already have a flinch chance).Serene Grace does not affect status moves or the Pokémon's critical hit ratio.Shadow Ball normally has a 20% chance of lowering Special Defense; with Serene Grace it is boosted to a 40% chance.Air Slash has a 30% of causing the target to flinch; with Serene Grace it is boosted to a 60% chance. If the item King's Rock is held it does not increase that percentage, but rather if the move does not cause flinching (40% chance), then there is now a further 20% chance the target will flinch from King's Rock. This means Serene Grace with Air Slash and King's Rock gives a total probability of 68% (1 - 0.4*0.8) that the opponent will flinch.In Generations 3-4 Serene Grace does not increase the flinch chance of King's Rock or Razor Fang.In Generations 3-5 Serene Grace does not affect the move Secret Power.",https://pokemondb.net/ability/serene-grace,"[113,175,176,206,242,385,440,468,492,648,648,982,982,585,586]"
Screen Cleaner ,"Nullifies effects of Light Screen, Reflect, and Aurora Veil.",https://pokemondb.net/ability/screen-cleaner,"[122,866]"
Sand Veil ,"Sand Veil raises the ability-bearer's evasion by 20% in a sandstorm. It also gives immunity to sandstorm damage (if they are not already protected by being Ground/Rock/Steel type).If a Pokémon with Sand Veil is the leading party Pokémon while travelling in a sandstorm, wild Pokémon are only half as likely to appear.",https://pokemondb.net/ability/sand-veil,"[27,28,50,50,51,51,207,331,332,443,444,445,472,694,695,74,75,76,231,232,246,618,769,770,843,844,960,961,968]"
Sap Sipper ,Boosts Attack when hit by a Grass-type move.,https://pokemondb.net/ability/sap-sipper,"[585,586,626,672,673,704,705,705,706,706,780,183,184,203,234,241,298,522,523,899,981]"
Sand Stream ,"Sand Stream creates a sandstorm when the ability-bearer enters battle. The effect lasts 5 turns, unless it is cleared via Air Lock or Cloud Nine or replaced by another weather condition.If multiple Pokémon with weather-generating abilities (Sand Stream, Drizzle, Drought or Snow Warning) enter the field on the same turn, each weather condition will activate consecutively, fastest Pokémon first. In other words, the resultant weather condition will be that of the slowest Pokémon.Prior to Generation 6, Sand Stream lasts indefinitely upon activation.",https://pokemondb.net/ability/sand-stream,"[248,248,449,450,526]"
Sand Rush ,Sand Rush doubles the ability-bearer's Speed during a sandstorm.,https://pokemondb.net/ability/sand-rush,"[507,508,529,530,745,972,27,28,880,882]"
Sand Spit ,Creates a sandstorm when hit by an attack.,https://pokemondb.net/ability/sand-spit,"[843,844]"
Sand Force ,"Sand Force raises the power of Ground, Rock and Steel type moves by 30% during a sandstorm.It also grants immunity to the sandstorm damage, if not already immune (currently this only applies to Shellos since all other Pokémon with the ability are already immune).",https://pokemondb.net/ability/sand-force,"[208,445,529,530,645,50,50,51,51,299,422,423,449,450,476,524,525,526]"
Shields Down ,"Shields Down causes the Pokémon to changes its appearance and stats depending on its remaining HP.When the Pokémon's HP is over 50%, it has higher defenses and is immune to status conditions. When its HP falls below 50%, the outer shell breaks and the Pokémon has higher attack.",https://pokemondb.net/ability/shields-down,"[774,774]"
Run Away ,"Run Away allows the bearer to flee a battle with a wild Pokémon without fail, even if the opposing Pokémon has used a move like Mean Look or Bind, or has an ability such as Arena Trap.Pokémon with Run Away cannot switch out for another Pokémon, only flee. It does not allow the Pokémon to flee from Trainer battles.",https://pokemondb.net/ability/run-away,"[19,20,77,77,78,78,84,85,133,161,162,190,206,209,261,417,427,504,827,828,831,924,942,982,982,999,10,13,43,48,265,290,401,506]"
Rough Skin ,"When a Pokémon with Rough Skin is hit by a move that makes contact, the attacker receives damage equal to 1⁄8 of their maximum HP.Multi-hit moves (e.g. DoubleSlap) activate Rough Skin for each strike.In Generation 3, the damage from Rough Skin is 1⁄16 of the maximum HP.",https://pokemondb.net/ability/rough-skin,"[318,319,621,443,444,445]"
Rocky Payload ,Rocky Payload increases the power of Rock-type moves used by this Pokémon by 50%.,https://pokemondb.net/ability/rocky-payload,[962]
Rock Head ,Protects the Pokémon from recoil damage.,https://pokemondb.net/ability/rock-head,"[74,75,76,95,104,105,111,112,142,185,208,304,305,306,369,371,372,438,550,58,59,105,697]"
RKS System ,Changes type depending on held item.,https://pokemondb.net/ability/rks-system,[773]
Rivalry ,Deals more damage to a Pokémon of same gender.,https://pokemondb.net/ability/rivalry,"[29,30,31,32,33,34,403,404,405,610,611,612,667,668,267,519,520,521]"
Regenerator ,A Pokémon with Regenerator restores 1⁄3 of its maximum HP when switching out.,https://pokemondb.net/ability/regenerator,"[531,619,620,641,829,830,1019,79,79,80,80,114,199,199,222,250,465,577,578,579,590,591,594,747,748,950,967]"
Refrigerate ,"Refrigerate causes all Normal-type attacking moves used by the Pokémon to become Ice-type, and increase in power by 20%.Ice-type Pokémon also gain STAB from those moves (which means an effective increase of 80%).In Generation 6, Refrigerate increases affected moves' power by 30%.",https://pokemondb.net/ability/refrigerate,"[362,698,699]"
Receiver ,"A Pokémon with Receiver will inherit the ability of a teammate in a double/triple battle when that teammate faints.Abilities that activate upon entering the field, such as Intimidate, will activate when the Pokémon with Receiver inherits it.",https://pokemondb.net/ability/receiver,[766]
Scrappy ,Enables moves to hit Ghost-type Pokémon.,https://pokemondb.net/ability/scrappy,"[115,241,428,973,83,276,277,294,295,507,508,674,675,724,865]"
Seed Sower ,Turns the ground into Grassy Terrain when the Pokémon is hit by an attack.,https://pokemondb.net/ability/seed-sower,[930]
Rain Dish ,"A Pokémon with Rain Dish will recover 1⁄16 of its maximum HP during rain, after each turn.",https://pokemondb.net/ability/rain-dish,"[270,271,272,7,8,9,72,73,278,279,283,755,756]"
Rattled ,"When a Pokémon with Rattled is hit by a Bug, Ghost or Dark type move, its Speed is raised one stage (up to the usual maximum of +6 stages).",https://pokemondb.net/ability/rattled,"[550,848,960,961,999,52,53,129,165,185,206,209,210,261,293,366,438,613,835,982,982]"
Quick Feet ,"Quick Feet raises the ability-bearer's Speed by 50% when inflicted by a major status ailment (poison, burn, paralysis, freeze or sleep). If paralyzed, the Pokémon does not suffer the usual drop in Speed.All other effects of the status condition remain, e.g. losing HP each turn (poison, burn), or being unable to attack (paralysis, freeze, sleep).If a Pokémon with Quick Feet is the leading party Pokémon, wild Pokémon are only half as likely to appear.",https://pokemondb.net/ability/quick-feet,"[210,216,217,261,262,135,263,263,264,264,285]"
Quick Draw ,,https://pokemondb.net/ability/quick-draw,[80]
Pure Power ,Raises the Pokémon's Attack stat.,https://pokemondb.net/ability/pure-power,"[307,308,308]"
Purifying Salt ,Protects from status conditions and halves damage from Ghost-type moves.,https://pokemondb.net/ability/purifying-salt,"[932,933,934]"
Queenly Majesty ,Prevents use of priority moves.,https://pokemondb.net/ability/queenly-majesty,[763]
Punk Rock ,Boosts sound-based moves and halves damage from the same moves.,https://pokemondb.net/ability/punk-rock,"[849,849]"
Schooling ,"Schooling changes Wishiwashi into its School Form, if its HP is above 25% and Wishiwashi is at least level 20. If its HP falls below 25%, Wishiwashi will revert back to Solo Form.Schooling cannot be removed or replaced via moves like Skill Swap or the Mummy ability.",https://pokemondb.net/ability/schooling,"[746,746]"
Protean ,Protean changes the Pokémon's type to that of its previously used attack.,https://pokemondb.net/ability/protean,"[352,656,657,658,906,907,908]"
Protosynthesis ,"Raises highest stat in harsh sunlight, or if holding Booster Energy.",https://pokemondb.net/ability/protosynthesis,"[984,985,986,987,988,989,1005,1009,1020,1021]"
Psychic Surge ,"Psychic Surge creates a low-lying psychic field, like the move Psychic Terrain, when the Pokémon enters battle. It prevents high-priority moves being used and increases the power of Psychic type attacks.",https://pokemondb.net/ability/psychic-surge,"[786,876,876]"
Primordial Sea ,"Primordial Sea creates heavy rain when the ability is activated (by Kyogre reverting to its Primal form).Heavy rain has the same effects as regular rain but with some additions:The abilities Cloud Nine or Air Lock are still able to bypass the effects of Primordial Sea, but Mold Breaker is not.",https://pokemondb.net/ability/primordial-sea,[382]
Ripen ,Doubles the effect of berries.,https://pokemondb.net/ability/ripen,"[840,841,842]"
Prankster ,"Prankster increases the priority of status moves by +1.This means that a slower Pokémon with Prankster can use a status move before the opponent uses a regular move. Or if the ability-bearer is faster, it could use a status move before the opponent uses a priority move like Aqua Jet.The move Quick Guard does not block moves whose priority is increased by Prankster (but it does block moves that already have increased priority).",https://pokemondb.net/ability/prankster,"[354,546,547,641,642,707,859,860,861,198,302,313,314,447,509,510,678,944,945]"
Pressure ,"Pressure makes any attack targeted at the ability-bearer - regardless of whether it hits - use 2 PP instead of 1.If a Pokémon with Pressure is the leading party Pokémon, wild Pokémon are 50% more likely to be higher level.",https://pokemondb.net/ability/pressure,"[142,144,145,146,150,243,244,245,249,250,356,359,386,386,386,386,416,442,461,477,483,483,484,484,487,646,823,890,903,320,321,624,625,983]"
Poison Puppeteer ,Pokémon poisoned by Pecharunt’s moves will also become confused.,https://pokemondb.net/ability/poison-puppeteer,[1025]
Poison Touch ,May poison targets when a Pokémon makes contact.,https://pokemondb.net/ability/poison-touch,"[88,89,537,690,691,945,88,89,453,454,903]"
Poison Heal ,Restores HP if the Pokémon is poisoned.,https://pokemondb.net/ability/poison-heal,"[285,286,472]"
Poison Point ,Contact with the Pokémon may poison the attacker.,https://pokemondb.net/ability/poison-point,"[29,30,31,32,33,34,117,194,211,211,315,406,407,543,544,545,690,691,904,980]"
Quark Drive ,"Raises highest stat on Electric Terrain, or if holding Booster Energy.",https://pokemondb.net/ability/quark-drive,"[990,991,992,993,994,995,1006,1010,1022,1023]"
Pixilate ,"Pixilate causes all Normal-type attacking moves used by the Pokémon to become Fairy-type, and increase in power by 20%.Fairy-type Pokémon also gain STAB from those moves (which means an effective increase of 80%).In Generation 6, Pixilate increases affected moves' power by 30%.",https://pokemondb.net/ability/pixilate,"[282,334,700]"
Pickup ,"When another Pokémon on the field uses a single-use held item, a Pokémon with Pickup will obtain the used item (if they are not already holding anything) and it can be used again.Pokémon with Pickup will also obtain an item thrown at them with Fling (if they are not already holding anything).In Generations 3-4, Pickup has no effect in battle.When a battle ends, any party Pokémon with Pickup has a 10% chance of picking up an item (if they are not already holding an item).Items picked up range from Potions, Great Balls, Ultra Balls and Rare Candies up to Leftovers and some TMs. Better items have a lower chance of being found; furthermore, higher-level Pokémon will obtain better items.",https://pokemondb.net/ability/pickup,"[52,52,52,190,216,231,263,263,264,264,417,424,446,506,659,660,702,710,710,710,710,711,711,711,711,924,971,731,732]"
Propeller Tail ,Ignores moves and abilities that draw in moves.,https://pokemondb.net/ability/propeller-tail,"[846,847]"
Prism Armor ,"Prism Armor reduces the damage taken from super-effective attacks by 25%. It is not affected by the abilities Mold Breaker, Teravolt, or Turboblaze.For example, a Dark-type move used against a Psychic-type Pokémon with Prism Armor would deal 1.5× the usual damage instead of 2×. A double weakness would be reduced from 4× to 3×.",https://pokemondb.net/ability/prism-armor,"[800,800,800]"
Perish Body ,"When hit by a move that makes direct contact, the Pokémon and the attacker will faint after three turns unless they switch out of battle.",https://pokemondb.net/ability/perish-body,[864]
Power Spot ,Just being next to the Pokémon powers up moves.,https://pokemondb.net/ability/power-spot,[874]
Parental Bond ,"Parental Bond allows the ability-bearer to attack twice. The second attack hits with 25% of the power, so in effect it is equivalent to a 25% boost to all attacks.Parental Bond is the signature ability of Mega Kangaskhan. When the ability is in use, the mother and child each attack.In Generation 6, the second attack of Parental Bond hits with 50% power of the first.",https://pokemondb.net/ability/parental-bond,[115]
Power Construct ,"Power Construct is unique to Zygarde. When Zygarde 10% Forme or Zygarde 50% Forme falls below half HP, it changes into Zygarde Complete Forme.As Complete Forme has a higher base HP than the other two Formes, its HP is also restored by the same amount the maximum HP increased.",https://pokemondb.net/ability/power-construct,"[718,718,718]"
Power of Alchemy ,The Pokémon copies the Ability of a defeated ally.,https://pokemondb.net/ability/power-of-alchemy,"[88,89]"
Own Tempo ,Prevents the Pokémon from becoming confused.,https://pokemondb.net/ability/own-tempo,"[79,79,80,80,108,199,199,235,325,326,327,431,432,463,548,549,712,713,744,749,750,876,926,938,957,958,959,270,271,272,322,677,924]"
Overgrow ,Overgrow increases the power of Grass-type moves by 50% (1.5×) when the ability-bearer's HP falls below a third of its maximum (known in-game as in a pinch).,https://pokemondb.net/ability/overgrow,"[1,2,3,152,153,154,252,253,254,387,388,389,495,496,497,650,651,652,722,723,724,724,810,811,812,906,907,908,511,512]"
Overcoat ,Overcoat makes the Pokémon immune to residual damage from weather conditions (specifically Hail and Sandstorm).,https://pokemondb.net/ability/overcoat,"[577,578,579,629,630,905,965,966,90,91,204,205,372,412,412,412,413,413,413,540,541,542,589,616,782,783,784]"
Opportunist ,Copies stat boosts by the opponent.,https://pokemondb.net/ability/opportunist,[956]
Normalize ,"Normalize causes all moves used by the Pokémon to become Normal-type, and attacking moves increase in power by 20%.Normal-type Pokémon also gain STAB from those moves (which means an effective increase of 80%).The following moves are not affected by Normalize: Hidden Power, Judgment, Multi-Attack, Natural Gift, Revelation Dance, Struggle, Techno Blast, Weather Ball, and damaging Z-Moves.The move Flying Press deals Normal/Flying type damage instead of Fighting/Flying. Freeze-Dry remains super-effective against Water-types, but follows the Normal type chart against other types (e.g. neutral against Grass-types).In Generations 4-6, Normalize did not increase damage (besides any usual boosts like STAB). All moves listed above except Struggle are affected by Normalize.",https://pokemondb.net/ability/normalize,"[300,301]"
No Guard ,"No Guard ensures that all attacks used by, and targeted at, the ability-bearer hit without fail.This includes moves used on a Pokémon in the hidden stages of the moves Fly, Dive, Dig and Shadow Force.If a Pokémon with No Guard is the leading party Pokémon, wild Pokémon are twice as likely to appear.",https://pokemondb.net/ability/no-guard,"[18,66,67,68,679,680,588,622,623,745]"
Natural Cure ,All status problems heal when it switches out.,https://pokemondb.net/ability/natural-cure,"[113,120,121,222,242,251,315,333,334,406,407,440,492,708,709,921,922,923,764]"
Pickpocket ,Steals an item when hit by another Pokémon.,https://pokemondb.net/ability/pickpocket,"[944,215,215,273,274,275,461,688,689,859,860,861,957,958,959]"
Plus ,Ups Sp. Atk if another Pokémon has Plus or Minus.,https://pokemondb.net/ability/plus,"[311,599,600,601,849,179,180,181,702]"
Mummy ,Contact with this Pokémon spreads this Ability.,https://pokemondb.net/ability/mummy,"[562,563]"
Pastel Veil ,Pastel Veil prevents the Pokémon and its teammates from being poisoned. It also cures teammates of poisoning when it enters the battlefield.,https://pokemondb.net/ability/pastel-veil,"[77,78]"
Multiscale ,Reduces damage when HP is full.,https://pokemondb.net/ability/multiscale,"[149,249]"
Orichalcum Pulse ,"Turns the sunlight harsh when entering battle, and boosts Attack while active.",https://pokemondb.net/ability/orichalcum-pulse,[1007]
Motor Drive ,Raises Speed if hit by an Electric-type move.,https://pokemondb.net/ability/motor-drive,"[466,522,523,587]"
Oblivious ,"Oblivious makes the Pokémon immune to gender-based moves and abilities, specifically Attract, Captivate and Cute Charm.",https://pokemondb.net/ability/oblivious,"[79,80,108,124,199,220,221,238,314,320,321,322,339,340,349,463,473,761,762,977,363,364,365,757,758]"
Moody ,Raises one stat and lowers another.,https://pokemondb.net/ability/moody,"[223,224,235,361,362,399,400,952]"
Neutralizing Gas ,Neutralizes abilities of all Pokémon in battle.,https://pokemondb.net/ability/neutralizing-gas,"[109,110,110]"
Mold Breaker ,"Mold Breaker prevents a target's ability from affecting moves that the Mold Breaker Pokémon uses. It only affects abilities that change the power, accuracy or other effects of moves.For example, a Haxorus with Mold Breaker would be able to hit a Bronzong (having Levitate) using a Ground type move like Earthquake. Ground type moves would still not affect Flying types.However, if Dragon Claw KOs a Pokémon with Aftermath, a Mold Breaker Pokémon would still lose HP as Aftermath did not affect the Dragon Claw attack itself.",https://pokemondb.net/ability/mold-breaker,"[127,130,181,408,409,610,611,612,674,675,957,958,959,976,1017,529,530,538,539,550,550,550,621,701,902,902]"
Neuroforce ,Powers up moves that are super effective.,https://pokemondb.net/ability/neuroforce,[800]
Mirror Armor ,Reflects any stat-lowering effects.,https://pokemondb.net/ability/mirror-armor,[823]
Mycelium Might ,"Status moves go last, but are not affected by the opponent's ability.",https://pokemondb.net/ability/mycelium-might,"[948,949]"
Merciless ,The Pokémon's attacks become critical hits if the target is poisoned.,https://pokemondb.net/ability/merciless,"[747,748]"
Marvel Scale ,"Marvel Scale raises the ability-bearer's Defense by 50% when inflicted by a major status ailment (poison, burn, paralysis, freeze or sleep).All effects of the status condition remain, e.g. losing HP each turn (poison, burn), speed drop (paralysis) or being unable to attack (paralysis, freeze, sleep).",https://pokemondb.net/ability/marvel-scale,"[350,147,148]"
Magnet Pull ,"Magnet Pull prevents Steel type Pokémon from switching out of battle or fleeing.If a Pokémon with Magnet Pull is the leading party Pokémon, it is 50% more likely that a wild Pokémon encountered will be Steel type.",https://pokemondb.net/ability/magnet-pull,"[74,75,76,81,82,299,462,476,808]"
Magma Armor ,"Magma Armor prevents the Pokémon from becoming frozen, for example from moves like Blizzard.If a Pokémon with Magma Armor (or Flame Body or Steam Engine) and a Pokémon Egg are amongst the party Pokémon, the number of steps required to hatch the egg are halved.",https://pokemondb.net/ability/magma-armor,"[218,219,323]"
Moxie ,Moxie increases the user's Attack one stage upon fainting an opponent.Stats can be raised to a maximum of +6 stages each.,https://pokemondb.net/ability/moxie,"[551,552,553,559,560,127,130,214,262,373,430,667,668,912,913,914]"
Misty Surge ,"Misty Surge creates a low-lying mist, like the move Misty Terrain, when the bearer enters battle. It protects all grounded Pokémon from status conditions and halves the power of Dragon type attacks.",https://pokemondb.net/ability/misty-surge,"[788,110]"
Minus ,Ups Sp. Atk if another Pokémon has Plus or Minus.,https://pokemondb.net/ability/minus,"[312,599,600,601,849,309,310]"
Magic Guard ,"Magic Guard protects the Pokémon from indirect damage, including:It does not prevent damage from confusion, trapping moves (e.g. Bind) or Struggle.In Generation 4 a Pokémon with Magic Guard cannot be poisoned from Toxic Spikes, nor become fully immobile through paralysis (though the Speed drop still occurs).",https://pokemondb.net/ability/magic-guard,"[35,36,173,561,577,578,579,63,64,65]"
Mind's Eye ,"The Pokémon ignores changes to opponents' evasiveness, its accuracy can't be lowered, and it can hit Ghost types with Normal- and Fighting-type moves.",https://pokemondb.net/ability/minds-eye,[901]
Magic Bounce ,Reflects status- changing moves.,https://pokemondb.net/ability/magic-bounce,"[302,359,719,177,178,196,856,857,858]"
Long Reach ,The Pokémon uses its moves without making contact with the target.,https://pokemondb.net/ability/long-reach,"[722,723,724]"
Magician ,The Pokémon steals the held item of a Pokémon it hits with a move.,https://pokemondb.net/ability/magician,"[720,720,653,654,655,707]"
Mimicry ,Changes type depending on the terrain.,https://pokemondb.net/ability/mimicry,[618]
Libero ,Libero changes the Pokémon's type to that of its previously used attack.,https://pokemondb.net/ability/libero,"[813,814,815]"
Light Metal ,Light Metal halves the Pokémon's weight in battle. Decreasing weight affects these moves:,https://pokemondb.net/ability/light-metal,"[884,212,374,375,376,379]"
Limber ,The Pokémon is protected from paralysis.,https://pokemondb.net/ability/limber,"[53,106,132,431,509,510,618,701,747,748,852,853,427,428]"
Levitate ,"Levitate causes the Pokémon to be raised (like Flying-type Pokémon).Raised Pokémon are not affected by Ground-type moves, Spikes, Toxic Spikes nor Arena Trap. Full details in glossary.",https://pokemondb.net/ability/levitate,"[92,93,109,110,110,200,201,329,330,337,338,343,344,355,358,380,380,381,381,429,433,436,437,455,479,479,479,479,479,479,480,481,482,487,488,602,603,604,615,635,738]"
Leaf Guard ,"Leaf Guard prevents the bearer from succumbing to major status ailments (sleep, burns, poisoning, paralysis or freezing) during sunny weather.It does not prevent minor status ailments such as Confusion or Infatuation, nor does it prevent self-inflicted status conditions such as from using Rest.",https://pokemondb.net/ability/leaf-guard,"[114,187,188,189,465,470,541,753,754,761,762,763,893,152,153,154,315,406,548,549,549]"
Keen Eye ,"Keen Eye prevents the Pokémon from losing accuracy, for example from moves like Sand-Attack.If a Pokémon with Keen Eye is the leading party Pokémon, wild Pokémon are 50% less likely to be lower level.",https://pokemondb.net/ability/keen-eye,"[16,17,18,21,22,83,107,161,162,163,164,215,215,227,278,279,302,396,441,504,505,580,581,627,628,628,677,678,678,731,732,733,744,745,745,821,822,962,431,434,435,451,452]"
Justified ,Justified raises the ability-bearer's Attack by one stage when hit by a damaging Dark-type move.The Attack rises for every hit of the move Beat Up.Stats can be raised to a maximum of +6 stages each.,https://pokemondb.net/ability/justified,"[638,639,640,647,647,58,59,359,448,475]"
Iron Barbs ,"When a Pokémon with Iron Barbs is hit by a move that makes contact, the attacker receives damage equal to 1⁄8 of their maximum HP.Multi-hit moves (e.g. DoubleSlap) activate Iron Barbs for each strike.",https://pokemondb.net/ability/iron-barbs,"[597,598,777]"
Intrepid Sword ,Boosts Attack in battle.,https://pokemondb.net/ability/intrepid-sword,"[888,888]"
Intimidate ,"Intimidate lower's the Attack of all opponents by one stage when the ability-bearer switches in (including the start of a battle).Stats can be lowered to a minimum of -6 stages each.If a Pokémon with Intimidate is the leading party Pokémon, wild Pokémon are 50% less likely to be lower level.",https://pokemondb.net/ability/intimidate,"[23,24,58,58,59,59,128,128,128,128,130,209,210,234,237,262,284,303,310,373,397,398,403,404,405,507,508,551,552,553,645,899,931,931,931,931,942,943,211,211,559,560,725,726,727,904]"
Insomnia ,"Insomnia prevents the ability-bearer from falling asleep, both from moves by other Pokémon like Sing, and self-inflicted sleep like Rest.If a sleeping Pokémon aquires Insomnia (e.g. from Worry Seed, it will wake up on its next turn.",https://pokemondb.net/ability/insomnia,"[96,97,150,163,164,167,168,198,353,354,430,917,918,951,952,225,710,710,710,710,711,711,711,711]"
Inner Focus ,"Inner Focus prevents the Pokémon from flinching, for example when attacked by a move like Headbutt.",https://pokemondb.net/ability/inner-focus,"[41,42,63,64,65,83,149,169,203,215,215,361,362,447,448,475,538,539,619,620,624,625,765,876,891,979,96,97,107,115,197,243,244,245,554,554,749,750]"
Innards Out ,"When a Pokémon with Innards Out faints, it deals damage to the opponent equal to amount of damage it took on the final blow.",https://pokemondb.net/ability/innards-out,[771]
Liquid Ooze ,Damages attackers using any draining move.,https://pokemondb.net/ability/liquid-ooze,"[72,73,316,317]"
Imposter ,It transforms itself into the Pokémon it is facing.,https://pokemondb.net/ability/imposter,[132]
Liquid Voice ,"Liquid Voice causes all sound-based moves used by the Pokémon to become Water type. Water type Pokémon also gain STAB from those moves.It is the signature ability of the Primarina evolution line, though other Pokémon may acquire Liquid Voice via certain abilities or moves such as Skill Swap.Attacks shown in bold can be learned by Primarina, though the others can be called via moves such as Metronome.",https://pokemondb.net/ability/liquid-voice,"[728,729,730]"
Lightning Rod ,"Lightning Rod forces all single-target Electric-type moves - used by any other Pokémon on the field - to target this Pokémon, and with 100% accuracy. This includes the status move Thunder Wave. The ability is most useful in double/triple battles.When hit by the move, it deals no damage to the ability-bearer but raises its Special Attack by one stage. Stats can be raised to a maximum of +6 stages each.Lightning Rod will activate for an Electric-type Hidden Power, but not Electric-type Judgment.The ability is overridden by other Pokémon becoming the center of attention from the moves Follow Me or Rage Powder.In Generations 3-4, Lightning Rod did not increase Special Attack nor give immunity to Electric-type attacks. It also did not activate for Hidden Power.In Generations 3-5, this ability's name was formatted as Lightningrod.",https://pokemondb.net/ability/lightning-rod,"[104,105,105,111,112,254,309,310,464,522,523,777,871,25,26,118,119,172,311]"
Lingering Aroma ,Contact changes the attacker's Ability to Lingering Aroma.,https://pokemondb.net/ability/lingering-aroma,[916]
Immunity ,Prevents the Pokémon from getting poisoned.,https://pokemondb.net/ability/immunity,"[143,335,207]"
Ice Scales ,Halves damage from Special moves.,https://pokemondb.net/ability/ice-scales,"[872,873]"
Illuminate ,"Illuminate has no effect in battle.If a Pokémon with Illuminate is the leading party Pokémon, wild Pokémon are twice as likely to appear.",https://pokemondb.net/ability/illuminate,"[120,121,170,171,313,505,755,756]"
Ice Body ,"A Pokémon with Ice Body will recover 1⁄16 of its maximum HP during hail, after each turn. It also grants immunity to the hailstorm damage, if not already immune.",https://pokemondb.net/ability/ice-body,"[361,362,363,364,365,582,583,584,712,713,713,883,86,87,122,378,471,866,996,997,998]"
Klutz ,The Pokémon can't use any held items.,https://pokemondb.net/ability/klutz,"[427,428,527,528,622,623,759,760,531,848,926,951]"
Hyper Cutter ,"Hyper Cutter prevents the bearer's Attack stat from being lowered by other Pokémon, through moves such as Growl or abilities such as Intimidate.It does not prevent self-inflicted decreases, for example from Superpower.",https://pokemondb.net/ability/hyper-cutter,"[98,99,127,207,303,328,341,342,472,739,740]"
Hustle ,"Hustle increases the ability-bearer's Attack by 50%, however, it also reduces the Accuracy of all Physical moves by 20%.If a Pokémon with Hustle is the leading party Pokémon, wild Pokémon are 50% more likely to be higher level.",https://pokemondb.net/ability/hustle,"[19,20,175,176,222,223,225,468,549,554,554,632,633,634,880,931,931,931,931,19,20,29,30,32,33,415,627,841]"
Hydration ,"A Pokémon with Hydration will cure itself of any status conditions during rain, at the end of each turn. This includes self-inflicted conditions such as from using Rest.",https://pokemondb.net/ability/hydration,"[86,87,278,489,490,535,536,594,616,617,704,705,706,131,134,238,339,340,368,370,580,581]"
Huge Power ,Raises the Pokémon's Attack stat.,https://pokemondb.net/ability/huge-power,"[183,184,298,303,659,660]"
Hospitality ,"When the Pokémon enters a battle, it showers its ally with hospitality, restoring a small amount of the ally's HP.",https://pokemondb.net/ability/hospitality,"[1012,1013]"
Honey Gather ,"Honey Gather has no effect in battle.When a battle ends, any party Pokémon with Honey Gather may pick up honey as a held item (if they are not already holding an item).",https://pokemondb.net/ability/honey-gather,"[415,742,743,216]"
Heavy Metal ,Heavy Metal doubles the Pokémon's weight in battle. Increasing weight affects these moves:,https://pokemondb.net/ability/heavy-metal,"[884,304,305,306,436,437,878,879]"
Healer ,May heal an ally's status conditions.,https://pokemondb.net/ability/healer,"[531,531,594,682,683,856,857,858,113,182,242]"
Heatproof ,"Heatproof reduces the damage taken from Fire-type moves by 50%. It also halves the damage from a burn, from 1⁄8 to 1⁄16 of the Pokémon's maximum HP.",https://pokemondb.net/ability/heatproof,"[436,437,837,1012,1013]"
Harvest ,May create another Berry after one is used.,https://pokemondb.net/ability/harvest,"[102,103,103,357,708,709,928,929,930]"
Infiltrator ,"Infiltrator ignores the effects of Reflect, Light Screen and Safeguard. In other words, if the opponent has used Safeguard, Toxic would still badly poison them.",https://pokemondb.net/ability/infiltrator,"[546,547,677,678,678,714,715,885,886,887,41,42,169,187,188,189,291,336,442,607,608,609,686,687,946,947]"
Hadron Engine ,"Creates an Electric Terrain when entering battle, and boosts Special Attack while active.",https://pokemondb.net/ability/hadron-engine,[1008]
Guts ,"Guts raises the ability-bearer's Attack by 50% when inflicted by a major status ailment (poison, burn, paralysis, freeze or sleep). If burnt, the Pokémon does not suffer the usual drop in Attack.All other effects of the status condition remain, e.g. losing HP each turn (poison, burn), speed drop (paralysis) or being unable to attack (paralysis, freeze, sleep).",https://pokemondb.net/ability/guts,"[19,20,66,67,68,214,217,236,246,276,277,296,297,532,533,534,538,862,901,136,403,404,405,931,931]"
Guard Dog ,"Boosts Attack if intimidated, and prevents being forced to switch out.",https://pokemondb.net/ability/guard-dog,"[943,1014]"
Illusion ,"When a Pokémon with the Illusion ability switches into battle, it takes the form of the Pokémon in last place (6th) of the player's party. Illusion will not activate if the Pokémon in last place is the same species or is fainted.The effect is aesthetic only; Illusion does not change the Pokémon's type or moves, so for example a Fighting-type move against a Zoroark disguised as Gengar would still be super effective. Any direct attack (i.e. not entry hazards, weather conditions etc) will break the illusion.",https://pokemondb.net/ability/illusion,"[570,570,571,571]"
Gorilla Tactics ,Boosts the Pokémon's Attack stat but only allows the use of the first selected move.,https://pokemondb.net/ability/gorilla-tactics,"[555,555]"
Ice Face ,"Ice Face is the signature ability of Eiscue. It allows the Pokémon to take a physical attack without taking damage. After the attack, Eiscue changes to its No Ice Face form, however, it can be restored in hail.",https://pokemondb.net/ability/ice-face,"[875,875]"
Gooey ,Contact with the Pokémon lowers the attacker's Speed stat.,https://pokemondb.net/ability/gooey,"[960,961,704,705,705,706,706]"
Good as Gold ,Gives immunity to status moves.,https://pokemondb.net/ability/good-as-gold,[1000]
Hunger Switch ,"Hunger Switch causes Morpeko to change its form each turn, alternating between Full Belly Mode and Hangry Mode. Morpeko's form also changes the type of its signature move, Aura Wheel.",https://pokemondb.net/ability/hunger-switch,"[877,877]"
Galvanize ,Normal-type moves become Electric-type moves and their power boosted.,https://pokemondb.net/ability/galvanize,"[74,75,76]"
Gale Wings ,Gives priority to Flying-type moves.,https://pokemondb.net/ability/gale-wings,"[661,662,663]"
Full Metal Body ,Prevents other Pokémon from lowering its stats.,https://pokemondb.net/ability/full-metal-body,[791]
Frisk ,The Pokémon can check a foe's held item.,https://pokemondb.net/ability/frisk,"[103,234,353,354,574,575,576,708,709,710,710,710,710,711,711,711,711,714,715,826,859,860,861,899,955,956,40,157,161,162,193,355,356,469,477,1015]"
Gulp Missile ,"Gulp Missile is the signature ability of Cramorant. If Cramorant uses the move Surf or Dive, it returns with a fish in its mouth. If Cramorant then takes damage, it retaliates by spitting out the fish, dealing extra damage.Cramorant may also return carrying a Pikachu. If Pikachu is launched at the opponent they will become paralyzed.",https://pokemondb.net/ability/gulp-missile,[845]
Friend Guard ,Reduces damage done to allies.,https://pokemondb.net/ability/friend-guard,"[925,925,35,39,173,174,440,664,665,666]"
Forewarn ,Determines what moves a foe has.,https://pokemondb.net/ability/forewarn,"[96,97,124,238,517,518]"
Grim Neigh ,Boosts Special Attack after knocking out a Pokémon.,https://pokemondb.net/ability/grim-neigh,[897]
Grassy Surge ,"Grassy Surge creates a low-lying grassy field, like the move Grassy Terrain, when the Pokémon enters battle. It restores the HP of grounded Pokémon each turn and increases the power of Grass type attacks.",https://pokemondb.net/ability/grassy-surge,"[787,810,811,812]"
Grass Pelt ,Boosts the Defense stat in Grassy Terrain.,https://pokemondb.net/ability/grass-pelt,"[672,673]"
Fluffy ,"Fluffy reduces damage from contact moves by 50%, but Fire-type moves do double damage. Fire-type moves that make contact do regular damage.",https://pokemondb.net/ability/fluffy,"[759,760,831,832,971,972]"
Flame Body ,"If a Pokémon with Flame Body is hit by a move that makes contact, there is a 30% chance the attacker will become burned.If a Pokémon with Flame Body (or Magma Armor or Steam Engine) and a Pokémon Egg are both in the party Pokémon, the number of steps required to hatch the egg are halved.",https://pokemondb.net/ability/flame-body,"[126,218,219,240,467,607,608,609,636,637,662,663,838,839,77,78,146,485,850,851,935]"
Flash Fire ,"When a Pokémon with Flash Fire is hit by a Fire-type move, it does not deal damage but instead raises the power of the bearer's Fire-type moves by 50%. Subsequent hits do not raise the power even more, but the effect remains while the ability-bearer is in battle.",https://pokemondb.net/ability/flash-fire,"[37,38,58,58,59,59,77,78,136,228,229,485,607,608,609,631,850,851,935,936,937,155,156,157,837,838,839]"
Gluttony ,"A Pokémon with Gluttony will use a pinch berry when its HP drops to 50%, rather than the usual 25%.Pinch berries are: Figy, Wiki, Mago, Aguav, Iapapa, Liechi, Ganlon, Salac, Petaya, Apicot, Lansat, Starf, Micle and Custap. (Their descriptions state that they work in a pinch.)",https://pokemondb.net/ability/gluttony,"[19,20,79,88,89,213,263,263,264,264,511,512,513,514,515,516,631,840,841,842,915,916,916,1011,69,70,71,143,316,317,325,326,446,819,820]"
Filter ,"Filter reduces the damage taken from super-effective attacks by 25%.For example, a Dark-type move used against a Psychic-type Pokémon with Filter would deal 1.5× the usual damage instead of 2×. A double weakness would be reduced from 4× to 3×.",https://pokemondb.net/ability/filter,"[122,306,439,966]"
Fairy Aura ,"Fairy Aura raises the power of Fairy-type moves by 33%, for all Pokémon on the field (not just the ability-bearer).It is the signature ability of Xerneas.",https://pokemondb.net/ability/fairy-aura,[716]
Fur Coat ,Fur Coat reduces damage taken from physical attacks by 50%.,https://pokemondb.net/ability/fur-coat,"[53,676]"
Embody Aspect ,"Embody Aspect boosts a particular stat, depending on the form of a Terastallized Ogerpon:",https://pokemondb.net/ability/embody-aspect,"[1017,1017,1017,1017]"
Electromorphosis ,"If a Pokémon with Electromorphosis is hit by an attack, the power of the next Electric-type move it uses is doubled.",https://pokemondb.net/ability/electromorphosis,[939]
Electric Surge ,"Electric Surge creates a low-lying electric field, like the move Electric Terrain, when the Pokémon enters battle. It prevents grounded Pokémon from falling asleep, and increases the power of Electric type attacks.",https://pokemondb.net/ability/electric-surge,"[785,871]"
Effect Spore ,Contact may poison or cause paralysis or sleep.,https://pokemondb.net/ability/effect-spore,"[46,47,285,286,590,591,755,756,45,829,830]"
Forecast ,Castform transforms with the weather.,https://pokemondb.net/ability/forecast,"[351,351,351,351]"
Flower Veil ,"Flower Veil prevents ally Grass-type Pokémon's stats from being lowered, in double and triple battles.",https://pokemondb.net/ability/flower-veil,"[669,670,671,764]"
Drought ,"Drought creates harsh sunlight when the ability-bearer enters battle. The effect lasts 5 turns, unless it is cleared via Air Lock or Cloud Nine or replaced by another weather condition.If multiple Pokémon with weather-generating abilities (Drought, Drizzle, Sand Stream or Snow Warning) enter the field on the same turn, each weather condition will activate consecutively, fastest Pokémon first. In other words, the resultant weather condition will be that of the slowest Pokémon.Prior to Generation 6, Drought lasts indefinitely upon activation.",https://pokemondb.net/ability/drought,"[6,324,383,37,38]"
Drizzle ,"Drizzle creates a rain shower when the ability-bearer enters battle. The effect lasts 5 turns, unless it is cleared via Air Lock or Cloud Nine or replaced by another weather condition.If multiple Pokémon with weather-generating abilities (Drizzle, Drought, Sand Stream or Snow Warning) enter the field on the same turn, each weather condition will activate consecutively, fastest Pokémon first. In other words, the resultant weather condition will be that of the slowest Pokémon.Prior to Generation 6, Drizzle lasts indefinitely upon activation.",https://pokemondb.net/ability/drizzle,"[279,382,186]"
Flare Boost ,Powers up special attacks when burned.,https://pokemondb.net/ability/flare-boost,"[425,426]"
Flower Gift ,Flower Gift raises the Attack and Special Defense of all party Pokémon by 50% during harsh sunlight.,https://pokemondb.net/ability/flower-gift,[421]
Dragon's Maw ,Dragon's Maw increases the power of Dragon-type moves used by this Pokémon by 50%.It is the signature ability of Regidrago.,https://pokemondb.net/ability/dragons-maw,[895]
Download ,"Download raises either the bearer's Attack or Special Attack by one stage when switching into battle, base on the opponent's defenses.It raises Attack if the opponent's Defense is lower than its Special Defense, or raises Special Attack if opponent's Special Defense is lower than or equal to its Defense.In double and triple battles, Download compares the sum of all opponents' Defense stats and the sum of all opponents' Special Defense stats and uses the lowest total.",https://pokemondb.net/ability/download,"[137,233,474,649]"
Disguise ,"Disguise allows the bearer to avoid damage for one attack, in a similar way to Substitute.",https://pokemondb.net/ability/disguise,[778]
Defiant ,Defiant raises the ability-bearer's Attack by two stages when hit by a stat-lowering move.Stats can be raised to a maximum of +6 stages each.,https://pokemondb.net/ability/defiant,"[145,624,625,983,1017,56,57,83,432,628,641,642,766,862,870,979]"
Emergency Exit ,Switches out when HP falls below 50%.,https://pokemondb.net/ability/emergency-exit,[768]
Defeatist ,"When the HP of a Pokémon with Defeatist falls below 50%, its Attack and Special Attack stats are halved.",https://pokemondb.net/ability/defeatist,"[566,567]"
Dauntless Shield ,Boosts Defense in battle.,https://pokemondb.net/ability/dauntless-shield,"[889,889]"
Dazzling ,Dazzling makes the Pokémon immune to high-priority moves (i.e. those with a priority above 0).,https://pokemondb.net/ability/dazzling,[779]
Earth Eater ,Restores HP when hit by a Ground-type move.,https://pokemondb.net/ability/earth-eater,[968]
Dry Skin ,Dry Skin causes several effects:,https://pokemondb.net/ability/dry-skin,"[46,47,453,454,694,695,124]"
Early Bird ,The Pokémon awakens quickly from sleep.,https://pokemondb.net/ability/early-bird,"[84,85,115,165,166,177,178,203,228,229,273,274,928,929,191,192]"
Dancer ,"When another Pokémon on the field uses any Dance move, Dancer causes the ability-bearer to use that same move immediately afterward. They will still use their own move originally selected, at the usual time (e.g. after the opponent if they are slower).Effects and status conditions apply for both the copied move and original move. For example if the Dancer Pokémon is confused, they may hurt themselves in confusion when using their move and when copying a Dance move.The moves that Dancer can copy are:",https://pokemondb.net/ability/dancer,"[741,741,741,741]"
Cursed Body ,May disable a move used on the Pokémon.,https://pokemondb.net/ability/cursed-body,"[94,105,592,593,222,353,354,478,854,855,885,886,887]"
Cute Charm ,"If a Pokémon with Cute Charm is hit by a move that makes contact, there is a 30% chance the attacker will become infatuated. It will not infatuate Pokémon of the same gender, genderless Pokémon, nor those with the ability Oblivious.Infatuated Pokémon have a 50% chance of being immobilized by love each turn and unable to attack.If a Pokémon with Cute Charm is the leading party Pokémon, the chance of encountering a Pokémon of the opposite gender is 2⁄3.",https://pokemondb.net/ability/cute-charm,"[35,36,39,40,173,174,300,301,428,572,573,700,905,350,759]"
Curious Medicine ,Resets all stat changes upon entering battlefield.,https://pokemondb.net/ability/curious-medicine,[199]
Desolate Land ,"Desolate Land creates extremely harsh sunlight when the ability is activated (by Groudon reverting to its Primal form).Extremely harsh sunlight has the same effects as harsh sunlight but with some additions:The abilities Cloud Nine or Air Lock are still able to bypass the effects of Desolate Land, but Mold Breaker is not.",https://pokemondb.net/ability/desolate-land,[383]
Delta Stream ,"Delta Stream creates strong winds when the ability is activated (by Rayquaza Mega-Evolving).Strong winds have the following effects:The abilities Cloud Nine or Air Lock are still able to bypass the effects of Delta Stream, but Mold Breaker is not.",https://pokemondb.net/ability/delta-stream,[384]
Contrary ,Makes stat changes have an opposite effect.,https://pokemondb.net/ability/contrary,"[686,687,213,327,495,496,497,753,754,905]"
Competitive ,Competitive raises the ability-bearer's Special Attack by two stages when hit by a stat-lowering move.Stats can be raised to a maximum of +6 stages each.,https://pokemondb.net/ability/competitive,"[39,40,144,174,350,574,575,576,393,394,395,678,836,940,941]"
Compound Eyes ,"Compound Eyes raises the ability-bearer's accuracy by 30%.In Generations 3-5, this ability's name was formatted as Compoundeyes.If a Pokémon with Compound Eyes is first in the party, Pokémon that can be holding items have that chance increase from 50% to 60% (for common items), 5% to 20% (for uncommon items) or 1% to 5% (for rare items).",https://pokemondb.net/ability/compound-eyes,"[12,48,193,290,595,596,664,666,824,825,953,269]"
Dark Aura ,Dark Aura raises the power of Dark-type moves by 33% for all Pokémon on the field (not just the ability-bearer).It is the signature ability of Yveltal.,https://pokemondb.net/ability/dark-aura,[717]
Comatose ,"Comatose causes the Pokémon to behave as if it were asleep, though it doesn't officially have the Sleep status condition. It can still use its regular moves, but cannot be inflicted with any major status condition (sleep, poison, paralysis, burn, or freeze).Moves that target sleeping Pokémon (such as Dream Eater) work on a Pokémon with Comatose, and the ability-bearer can use the moves Sleep Talk and Snore. The power of Hex and Wake-Up Slap still doubles when targeted at a Comatose Pokémon (though Wake-Up Slap does not suppress Comatose).Comatose cannot be removed or replaced via moves like Skill Swap or the Mummy ability. The move Purify and the Chesto Berry item do not work on a Pokémon with Comatose.",https://pokemondb.net/ability/comatose,[775]
Damp ,Damp prevents all Pokémon on the field from using the moves Selfdestruct and Explosion. It also prevents damage (to the Damp Pokémon only) from the ability Aftermath.,https://pokemondb.net/ability/damp,"[54,55,60,61,62,186,194,195,46,47,116,117,230,258,259,260,592,593,938,939]"
Cud Chew ,Cud Chew causes the Pokémon to reuse an already consumed Berry at the end of the next turn.,https://pokemondb.net/ability/cud-chew,"[981,128,128,128]"
Cotton Down ,"When a Pokémon with Cotton Down is hit by an attack, it lowers the attacker's Speed.",https://pokemondb.net/ability/cotton-down,"[829,830]"
Costar ,Copies ally's stat changes on entering battle.,https://pokemondb.net/ability/costar,[973]
Color Change ,"Color Change changes the ability-bearer's type, when hit by a damage dealing move, to the type of that move. For example being hit by X Scissor will change the Pokémon to Bug-type. Dual-type Pokémon change to single-types.If a Pokémon with Color Change has a Substitute, the ability does not activate. Color Change activates for the last strike of a multi-hit move.In Generations 3-4, Color Change activates on the first strike of a multi-hit move, thus subsequent hits may be not very effective.",https://pokemondb.net/ability/color-change,[352]
Corrosion ,"Corrosion allows the bearer to poison any Pokémon, including Steel and Poison types.",https://pokemondb.net/ability/corrosion,"[757,758,969,970]"
Cloud Nine ,"Cloud Nine suppresses all effects brought on by weather, including move power increases, end-of-turn damage, accuracy changes, relevant abilities and so on.",https://pokemondb.net/ability/cloud-nine,"[54,55,108,333,334,463,780]"
Clear Body ,Prevents other Pokémon from lowering its stats.,https://pokemondb.net/ability/clear-body,"[72,73,374,375,376,377,378,379,703,719,885,886,887,599,600,601,932,933,934]"
Chilling Neigh ,Boosts Attack after knocking out a Pokémon.,https://pokemondb.net/ability/chilling-neigh,[896]
Cheek Pouch ,"Cheek Pouch restores the bearer's HP when a Berry is consumed, on top of the berry's usual effects.So for example, it may cure a status condition and restore HP, or restore more HP than normal.",https://pokemondb.net/ability/cheek-pouch,"[659,660,702,819,820,925,925]"
Chlorophyll ,Chlorophyll doubles the ability-bearer's Speed during bright sunshine.,https://pokemondb.net/ability/chlorophyll,"[43,44,45,69,70,71,102,103,114,182,187,188,189,191,192,273,274,275,357,420,465,540,541,542,548,549,549,556,585,586,951,952,1,2,3,470,546,547]"
Analytic ,Boosts move power when the Pokémon moves last.,https://pokemondb.net/ability/analytic,"[81,82,120,121,137,233,462,474,504,505,605,606]"
Anger Point ,Anger Point raises the ability-bearer's Attack to its maximum level - +6 stages or 4× usual power - when a move targeting it receives a critical hit.,https://pokemondb.net/ability/anger-point,"[56,57,128,128,128,128,323,551,552,553,739,740]"
Aftermath ,"If an attacker faints a Pokémon with Aftermath using a contact move, the attacker will lose 1⁄4 of their maximum HP.",https://pokemondb.net/ability/aftermath,"[425,426,434,435,100,100,101,101,568,569]"
Aerilate ,"Aerilate causes all Normal-type attacking moves used by the Pokémon to become Flying-type, and increase in power by 20%.Flying-type Pokémon also gain STAB from those moves (which means an effective increase of 80%).In Generation 6, Aerilate increases affected moves' power by 30%.",https://pokemondb.net/ability/aerilate,"[127,373]"
Adaptability ,"Adaptability increases the effectiveness of STAB moves from the usual 1.5× to 2×.For example, a Water-type Pokémon using Surf (base power 90) would normally get an effective power of 135. With Adaptability it would be 180 instead.",https://pokemondb.net/ability/adaptability,"[15,133,448,474,550,550,550,902,902,341,342,349,690,691,734,735]"
Commander ,Goes inside the mouth of an ally Dondozo if one is on the field.,https://pokemondb.net/ability/commander,[978]
Bulletproof ,"Bulletproof makes the Pokémon immune to ball and bomb moves.In Generation 6, Rock Blast is not affected by Bulletproof.",https://pokemondb.net/ability/bulletproof,"[782,783,784,901,650,651,652,831,832,840]"
Air Lock ,"Air Lock suppresses all effects brought on by weather, including move power increases, end-of-turn damage, accuracy changes, relevant abilities and so on.",https://pokemondb.net/ability/air-lock,[384]
Anger Shell ,"When the Pokémon's HP drops below half, Anger Shell lowers its Defense and Special Defense but its Attack, Special Attack and Speed are raised.",https://pokemondb.net/ability/anger-shell,[950]
